{
  "best_repair_gain": 11.42677659194328,
  "best_repair_name": "cem_pilot_calibrated",
  "best_repair_regret": 0.2171658112041459,
  "cem_minus_equal_static_regret": 3.657028958184834,
  "cem_minus_static_regret": 5.488027513242645,
  "cem_regret": 11.643942403147426,
  "cem_tail_gap": 11.068098573361846,
  "closed_loop_cem": -2.5517568843451808,
  "closed_loop_gain": 6.495061090327949,
  "closed_loop_repair": 3.9433042059827685,
  "controlled_rows": 132,
  "equal_static_regret": 7.986913444962592,
  "learned_calibrated_regret": 2.9645146065477843,
  "learned_cem_regret": 4.6424933197453875,
  "learned_gain": 1.6779787131976032,
  "learned_rows": 24,
  "repair_gain_rows": 180,
  "static_regret": 6.155914889904781,
  "static_tail_gap": 3.780788427012581,
  "sweep_cem_regret": 9.084749205352294,
  "sweep_gain": 6.75379287651055,
  "sweep_repaired_regret": 2.3309563288417436,
  "sweep_rows": 360,
  "tail_gap_regret_corr": 0.9874930533454624,
  "trace_pocket_end": 0.5684304941844426,
  "trace_pocket_start": 0.29018581430207585,
  "trace_rows": 516,
  "trace_tail_gap_end": 10.86734192784756,
  "trace_tail_gap_start": 3.7807884270125816
}